{"shape": 0.5032501672880222, "trend": 0.883265930527289, "detection": 0.005489821439825904, "quality": 0.6932580489076556, "alpha": 0.5616205567037722, "beta": 0.00042060988433212376, "loss": 27.600554634543027, "_timestamp": 1737956218.9835558, "_runtime": 116.32800769805908, "_step": 40, "_wandb": {"runtime": 121}}