{"shape": 0.5257145588375872, "trend": 0.8964366061679486, "detection": 0.008850056556770625, "quality": 0.7110755825027679, "alpha": 0.8498942432043705, "beta": 0.0014721345951630438, "loss": 25.228809917674344, "_timestamp": 1737956334.6486616, "_runtime": 203.12801551818848, "_step": 66, "binary_f1": 0.0, "roc_auc": NaN, "accuracy": 0.0, "_wandb": {"runtime": 207}}