{"shape": 0.7631676607024521, "trend": 0.9572268903881888, "detection": 0.35913548479996815, "quality": 0.8601972755453204, "alpha": 0.9566767212815064, "beta": 0.07676607024519555, "loss": 31.94320233662923, "_timestamp": 1737967361.8413818, "_runtime": 696.7561058998108, "_step": 94, "binary_f1": 0.0, "roc_auc": 0.45489373930904586, "accuracy": 0.7543737574552684, "_wandb": {"runtime": 703}}