{"shape": 0.6212039289898171, "trend": 0.9444665445883764, "detection": 0.6730325615721746, "quality": 0.7828352367890967, "alpha": 0.5033252230332522, "beta": 0.32749391727493915, "loss": 128.8543562455611, "_timestamp": 1737961886.613298, "_runtime": 3762.196739912033, "_step": 1032, "binary_f1": 0.0, "roc_auc": 0.5306308502856901, "accuracy": 0.8548256285482563, "_wandb": {"runtime": 3769}}