{"shape": 0.752935719019218, "trend": 0.95850441897166, "detection": 0.3141480861228616, "quality": 0.855720068995439, "alpha": 0.9566143369667055, "beta": 0.07683233929754818, "loss": 30.847197850545246, "_timestamp": 1737975422.3922203, "_runtime": 19569.423532247543, "_step": 2743, "binary_f1": 0.0, "roc_auc": 0.5202344561520303, "accuracy": 0.7543737574552684, "_wandb": {"runtime": 19576}}