{"shape":0.29613333333333336,"trend":0.9497663277909845,"alpha":0,"loss":34.67972946166992,"_step":2,"_wandb":{"runtime":14},"beta":0,"quality":0.6229498305621589,"_runtime":13.688585,"detection":0,"_timestamp":1.74292464035812e+09}