{"shape": 0.7214040549169861, "trend": 0.9445979023385782, "detection": 0.629316193794865, "quality": 0.8330009786277821, "alpha": 0.6651660280970626, "beta": 0.27579821200510857, "loss": 53.44271354675293, "_timestamp": 1737959081.35356, "_runtime": 161.41604208946228, "_step": 41, "_wandb": {"runtime": 169}}