{"shape": 0.4953159353790268, "trend": 0.8912444205156395, "detection": 0.00610348728053145, "quality": 0.6932801779473331, "alpha": 0.7139357240412392, "beta": 0.0, "loss": 25.765060537001666, "_timestamp": 1737956812.5406966, "_runtime": 33.52725863456726, "_step": 10, "_wandb": {"runtime": 38}}