{"shape": 0.7149166666666668, "trend": 0.8619434617217664, "detection": 0.6046033333333334, "quality": 0.7884300641942166, "alpha": 0.682231417624521, "beta": 0.07468888888888903, "loss": 82.94069126674107, "_timestamp": 1737958537.92757, "_runtime": 548.2192220687866, "_step": 111, "binary_f1": 0.0, "roc_auc": 0.47732905943085036, "accuracy": 0.7776666666666666, "_wandb": {"runtime": 555}}