{"shape": 0.7199273627075352, "trend": 0.9423136589213862, "detection": 0.44567892059717273, "quality": 0.8311205108144607, "alpha": 0.6850734355044699, "beta": 0.2561621966794382, "loss": 54.54967155456543, "_timestamp": 1737959762.0690925, "_runtime": 3092.074489593506, "_step": 696, "r2": -0.876004558220411, "explained_variance": -0.16051642376338715, "MAE": 0.30626488929395623, "RMSE": 0.353748659922882, "_wandb": {"runtime": 3095}}