{"shape": 0.4045239596469104, "trend": 0.9026036697202097, "detection": 0.6499462495023796, "quality": 0.6535638146835601, "alpha": 0.32232030264817146, "beta": 0.0023875577973938578, "loss": 303.37796359592016, "_timestamp": 1737970657.8617077, "_runtime": 2666.6683127880096, "_step": 275, "r2": -9.811782573971135, "explained_variance": -1.0519687558875894, "MAE": 0.5601301188831891, "RMSE": 0.598024883414661, "_wandb": {"runtime": 2679}}