{"shape": 0.39567570407734337, "trend": 0.9038098017927193, "detection": 0.5630901774384927, "quality": 0.6497427529350314, "alpha": 0.2633711643547708, "beta": 0.0034972677595628276, "loss": 306.019044664171, "_timestamp": 1737968891.5470648, "_runtime": 3259.49276971817, "_step": 344, "r2": -2.259121822654811, "explained_variance": -0.2965837891324137, "MAE": 0.2896020830939262, "RMSE": 0.32833781253708977, "_wandb": {"runtime": 3267}}