{"shape": 0.4043610760823875, "trend": 0.9022861603143894, "detection": 0.5348111981397032, "quality": 0.6533236181983885, "alpha": 0.07633459436738121, "beta": 0.0031946195880622197, "loss": 312.73024495442706, "_timestamp": 1737963771.5601242, "_runtime": 7362.256552219391, "_step": 787, "r2": -28.026029000841046, "explained_variance": -3.7248131915117657, "MAE": 0.9109023875459777, "RMSE": 0.9798608722342969, "_wandb": {"runtime": 7374}}