{"shape": 0.7569582504970179, "trend": 0.9579983450755077, "detection": 0.29821319957944237, "quality": 0.8574782977862628, "alpha": 0.9588297799410433, "beta": 0.0769449966865473, "loss": 31.438733736673992, "_timestamp": 1737963012.1754448, "_runtime": 6446.588843822479, "_step": 863, "binary_f1": 0.0, "roc_auc": 0.3622117498547788, "accuracy": 0.7543737574552684, "_wandb": {"runtime": 6455}}