{"shape": 0.7555666003976143, "trend": 0.95656535133409, "detection": 0.2661965902112714, "quality": 0.8560659758658522, "alpha": 0.9573807728342588, "beta": 0.07283631544068914, "loss": 32.20517381032308, "_timestamp": 1737991836.004698, "_runtime": 28782.955134153366, "_step": 3887, "binary_f1": 0.0, "roc_auc": 0.5048931287211533, "accuracy": 0.7543737574552684}