{"shape": 0.6334594935568172, "trend": 0.9372517328855454, "detection": 0.4273950544929287, "quality": 0.7853556132211813, "alpha": 0.5283049472830494, "beta": 0.3178696945120303, "loss": 133.87387917258522, "_timestamp": 1737960573.9930089, "_runtime": 1185.2790937423706, "_step": 325, "binary_f1": 0.0, "roc_auc": 0.6002154601253007, "accuracy": 0.8548256285482563, "_wandb": {"runtime": 1205}}