{"shape": 0.7214722222222223, "trend": 0.8602564751610929, "detection": 0.6354913333333332, "quality": 0.7908643486916576, "alpha": 0.6856091954022989, "beta": 0.06882222222222212, "loss": 83.46200180053711, "_timestamp": 1737956477.6220255, "_runtime": 421.5309374332428, "_step": 79, "binary_f1": 0.0, "roc_auc": 0.5335962537376833, "accuracy": 0.7776666666666666, "_wandb": {"runtime": 426}}