{"shape": 0.7556063618290259, "trend": 0.955686445872388, "detection": 0.1889895038243412, "quality": 0.855646403850707, "alpha": 0.95770320605105, "beta": 0.07327369118621596, "loss": 33.048210779825844, "_timestamp": 1737964754.2829375, "_runtime": 6853.807817459106, "_step": 923, "binary_f1": 0.0, "roc_auc": 0.6633296882924811, "accuracy": 0.7543737574552684, "_wandb": {"runtime": 6862}}