{"shape": 0.717492816091954, "trend": 0.9454010572865762, "detection": 0.5719078918395208, "quality": 0.8314469366892652, "alpha": 0.6574233716475095, "beta": 0.26845466155810993, "loss": 52.707476425170896, "_timestamp": 1737958971.3158996, "_runtime": 761.3722414970398, "_step": 174, "r2": -1.600141411081879, "explained_variance": -1.1307606956176217, "MAE": 0.30833594128957265, "RMSE": 0.4164629228147591, "_wandb": {"runtime": 765}}