{"shape": 0.6321077768766332, "trend": 0.933482456177753, "detection": 0.38522938730728173, "quality": 0.7827951165271931, "alpha": 0.5568532035685321, "beta": 0.32695323060286574, "loss": 135.51379810680044, "_timestamp": 1737958093.285644, "_runtime": 1673.8057100772858, "_step": 472, "binary_f1": 0.0, "roc_auc": 0.7160749684627861, "accuracy": 0.8548256285482563, "_wandb": {"runtime": 1681}}