{"shape": 0.7586812458581841, "trend": 0.9569124838559045, "detection": 0.22191216073917353, "quality": 0.8577968648570443, "alpha": 0.9589563766824342, "beta": 0.07553346587143805, "loss": 32.84724426269531, "_timestamp": 1737961597.0666378, "_runtime": 2406.204270839691, "_step": 312, "binary_f1": 0.0, "roc_auc": 0.49960301121684625, "accuracy": 0.7543737574552684, "_wandb": {"runtime": 2415}}