{"shape": 0.5120925341745531, "trend": 0.8904046578931489, "detection": 0.005348844152096244, "quality": 0.701248596033851, "alpha": 0.778928411714227, "beta": 0.0017875920084121644, "loss": 25.479492972878848, "_timestamp": 1737956803.9736104, "_runtime": 417.06426334381104, "_step": 153, "binary_f1": 0.009419152276295133, "roc_auc": NaN, "accuracy": 0.00473186119873817, "_wandb": {"runtime": 420}}