{"shape": 0.3979035308953341, "trend": 0.897385115126316, "detection": 0.566220781186797, "quality": 0.6476443230108251, "alpha": 0.6373144323172587, "beta": 0.0046069777217317975, "loss": 316.6814151340061, "_timestamp": 1737958333.6630988, "_runtime": 718.6032838821411, "_step": 74, "r2": -3.0189216530744343, "explained_variance": -0.45748018854591055, "MAE": 0.324643780151457, "RMSE": 0.364607311475447, "_wandb": {"runtime": 731}}