{"_timestamp":1.7374149070246909e+09,"_runtime":18.809361,"_step":8,"_wandb":{"runtime":34},"loss":6.6170089472e+10}