{"shape": 0.6283229701721186, "trend": 0.9374650164105582, "detection": 0.3586962741952354, "quality": 0.7828939932913384, "alpha": 0.5583671262503379, "beta": 0.34620167612868336, "loss": 133.35441381281072, "_timestamp": 1737960131.214791, "_runtime": 1073.088492155075, "_step": 301, "binary_f1": 0.0, "roc_auc": 0.6360075477298506, "accuracy": 0.8548256285482563, "_wandb": {"runtime": 1077}}