{"shape": 0.4254728877679697, "trend": 0.9038025182197554, "detection": 0.8691368015946318, "quality": 0.6646377029938626, "alpha": 0.24242118537200497, "beta": 0.0022026061370323813, "loss": 298.3690668741862, "_timestamp": 1737970358.0262415, "_runtime": 1411.0608825683594, "_step": 147, "r2": -11.15969197843353, "explained_variance": -1.663401444511798, "MAE": 0.5828505072649719, "RMSE": 0.6342082545040556, "_wandb": {"runtime": 1420}}