{"shape": 0.7215694444444445, "trend": 0.8607074614939874, "detection": 0.6387660000000002, "quality": 0.7911384529692159, "alpha": 0.6857647509578544, "beta": 0.08328888888888886, "loss": 82.16873713902065, "_timestamp": 1737970388.8485477, "_runtime": 14390.917460680008, "_step": 2849, "binary_f1": 0.0, "roc_auc": 0.5107624070519391, "accuracy": 0.7776666666666666}