{"shape": 0.7244027777777777, "trend": 0.8608622304568796, "detection": 0.6354646666666668, "quality": 0.7926325041173287, "alpha": 0.6890758620689654, "beta": 0.08328888888888886, "loss": 80.75708062308175, "_timestamp": 1737957377.0755963, "_runtime": 406.78163027763367, "_step": 74, "binary_f1": 0.0, "roc_auc": 0.5024770083882191, "accuracy": 0.7776666666666666, "_wandb": {"runtime": 415}}