{"shape": 0.6372893574840046, "trend": 0.9334083016432237, "detection": 0.4356592726777605, "quality": 0.7853488295636142, "alpha": 0.5510678561773452, "beta": 0.35609624222762903, "loss": 129.50645377419212, "_timestamp": 1737956606.0771625, "_runtime": 160.94345355033875, "_step": 41, "_wandb": {"runtime": 165}}