{"shape": 0.755453943008615, "trend": 0.9580395168475141, "detection": 0.3040859398198842, "quality": 0.8567467299280646, "alpha": 0.9575580996777953, "beta": 0.0788137839628894, "loss": 31.42119312286377, "_timestamp": 1737965614.460188, "_runtime": 3984.3805990219116, "_step": 535, "binary_f1": 0.0, "roc_auc": 0.36707821534917706, "accuracy": 0.7543737574552684, "_wandb": {"runtime": 3990}}