{"shape": 0.7593041749502981, "trend": 0.9583189394829484, "detection": 0.3975636420162978, "quality": 0.8588115572166233, "alpha": 0.9555199835469939, "beta": 0.08019880715705774, "loss": 31.370145797729492, "_timestamp": 1737967073.6160142, "_runtime": 1430.330387353897, "_step": 193, "binary_f1": 0.0, "roc_auc": 0.5887524164215827, "accuracy": 0.7543737574552684, "_wandb": {"runtime": 1438}}