{"_runtime":9820.359731741,"_step":999,"loss":2.134425640106201,"_wandb":{"runtime":9821},"_timestamp":1.7329046875211797e+09}