{"_wandb":{"runtime":21},"_step":8,"trend":0.9497663277909845,"shape":0.29613333333333336,"detection":5.994017969968013e-06,"_timestamp":1.742924987620694e+09,"beta":0,"quality":0.6229498305621589,"_runtime":21.103621,"loss":28.678466796875,"alpha":0}