{"shape": 0.5273874390593634, "trend": 0.8949276017374359, "detection": 0.009603041128879775, "quality": 0.7111575203983996, "alpha": 0.664063236520541, "beta": 0.001402032947774301, "loss": 31.52829933166504, "_timestamp": 1737956897.230259, "_runtime": 14.055481910705566, "_step": 2, "_wandb": {"runtime": 17}}