{"shape": 0.4036149642707019, "trend": 0.9027053653774633, "detection": 0.5207070192712062, "quality": 0.6531601648240826, "alpha": 0.07633459436738121, "beta": 0.0029255989911727287, "loss": 289.9994761149089, "_timestamp": 1737965589.5192957, "_runtime": 9169.680272579193, "_step": 963, "r2": -3.8408212496344047, "explained_variance": -0.7514993655027251, "MAE": 0.3505705604439296, "RMSE": 0.40015673101198135, "_wandb": {"runtime": 9180}}