{"shape": 0.5046362680432082, "trend": 0.8912757064348885, "detection": 0.007977655929172989, "quality": 0.6979559872390484, "alpha": 0.5605859530802422, "beta": 0.0006309148264984632, "loss": 26.96990899478688, "_timestamp": 1737956218.0984282, "_runtime": 144.53362035751343, "_step": 53, "binary_f1": 0.0, "roc_auc": NaN, "accuracy": 0.0, "_wandb": {"runtime": 151}}