{"_runtime":10978.1138705,"_step":999,"_wandb":{"runtime":10978},"loss":2.0035810470581055,"_timestamp":1.7329053696013708e+09}