{"shape": 0.6303505451923942, "trend": 0.9304034454699338, "detection": 0.393296274589897, "quality": 0.780376995331164, "alpha": 0.5576101649094349, "beta": 0.356853203568532, "loss": 131.5773329301314, "_timestamp": 1737956517.0531518, "_runtime": 67.96269392967224, "_step": 15, "_wandb": {"runtime": 77}}