{"shape": 0.5039671159544977, "trend": 0.8925443795243544, "detection": 0.0057054337622358675, "quality": 0.698255747739426, "alpha": 0.6106457812103412, "beta": 0.0015071854188571931, "loss": 27.13540211845847, "_timestamp": 1737956404.4475856, "_runtime": 278.60505056381226, "_step": 105, "binary_f1": 0.0, "roc_auc": NaN, "accuracy": 0.0, "_wandb": {"runtime": 285}}