{"shape": 0.7127035440613027, "trend": 0.9457849810716379, "detection": 0.4588542354780464, "quality": 0.8292442625664702, "alpha": 0.6524904214559387, "beta": 0.2739463601532567, "loss": 50.67457962036133, "_timestamp": 1737977399.202673, "_runtime": 17883.19824695587, "_step": 3999, "r2": -0.3139464921266124, "explained_variance": -0.0004925225854714999, "MAE": 0.25566224635669693, "RMSE": 0.2960511133084198, "_wandb": {"runtime": 17882}}