{"shape": 0.392901429171921, "trend": 0.9027293235187367, "detection": 0.6208607654129374, "quality": 0.6478153763453288, "alpha": 0.3168558217738545, "beta": 0.0027910886927281497, "loss": 309.2582600911458, "_timestamp": 1737969221.4393418, "_runtime": 1403.3910176753998, "_step": 142, "r2": -11.019991192093551, "explained_variance": -1.2660144449269808, "MAE": 0.5895133310682437, "RMSE": 0.6305545706553941, "_wandb": {"runtime": 1413}}