{"shape": 0.40003678015973093, "trend": 0.9041842662827856, "detection": 0.5556281588082643, "quality": 0.6521105232212583, "alpha": 0.10923917612442202, "beta": 0.0029087852038672812, "loss": 311.79891289605035, "_timestamp": 1737994108.0771425, "_runtime": 24913.120012521744, "_step": 2457, "r2": -13.058625334367271, "explained_variance": -1.326078874048882, "MAE": 0.6443928150731594, "RMSE": 0.6819335097109497}