{"shape": 0.7228333333333333, "trend": 0.8600840960229423, "detection": 0.62707, "quality": 0.7914587146781378, "alpha": 0.6930091954022988, "beta": 0.07644444444444454, "loss": 79.8024651663644, "_timestamp": 1737959207.4550793, "_runtime": 1694.2717053890228, "_step": 338, "binary_f1": 0.0, "roc_auc": 0.5091645133284194, "accuracy": 0.7776666666666666, "_wandb": {"runtime": 1703}}