{"shape": 0.5155816843514005, "trend": 0.8992176481821973, "detection": 0.007614432093728252, "quality": 0.707399666266799, "alpha": 0.8828287223370439, "beta": 0.003154574132492205, "loss": 24.933135761934167, "_timestamp": 1737956857.431085, "_runtime": 278.967493057251, "_step": 101, "binary_f1": 0.0, "roc_auc": NaN, "accuracy": 0.0, "_wandb": {"runtime": 284}}