{"shape": 0.40376208490962595, "trend": 0.9024074000436253, "detection": 0.5430956852994702, "quality": 0.6530847424766256, "alpha": 0.07475409836065572, "beta": 0.0032282471626736697, "loss": 287.92122226291235, "_timestamp": 1737971549.5819366, "_runtime": 15129.74291062355, "_step": 1583, "r2": -4.08628241879187, "explained_variance": -1.0833527047966918, "MAE": 0.3499285576747136, "RMSE": 0.4101765603287161, "_wandb": {"runtime": 15142}}