{"shape": 0.7170833333333334, "trend": 0.863200370879908, "detection": 0.6094926666666667, "quality": 0.7901418521066207, "alpha": 0.6821425287356322, "beta": 0.07284444444444449, "loss": 84.13068771362305, "_timestamp": 1737956080.8469787, "_runtime": 111.86538457870483, "_step": 20, "_wandb": {"runtime": 117}}