{"shape": 0.7177522349936143, "trend": 0.9450027608568778, "detection": 0.5570047232131061, "quality": 0.8313774979252461, "alpha": 0.6540229885057471, "beta": 0.27651660280970636, "loss": 50.30188903808594, "_timestamp": 1737960382.0127995, "_runtime": 1266.1694633960724, "_step": 303, "r2": -0.9398923085609432, "explained_variance": -0.38656841015900745, "MAE": 0.3008635457843255, "RMSE": 0.3597217265787505, "_wandb": {"runtime": 1274}}