{"shape": 0.8436666666666668, "trend": 0.9799504832538602, "detection": 0.6783062575621601, "quality": 0.9118085749602636, "alpha": 0.9794781609195402, "beta": 0.472, "f1": 0.6428571428571428, "roc_auc": 0.5, "accuracy": 0.75, "loss": 18.058177947998047, "_timestamp": 1739934270.8509, "_runtime": 1154.4420189857483, "_step": 1773, "_wandb": {"runtime": 1154}}