{"_step":999,"_wandb":{"runtime":9873},"loss":2.028143882751465,"_timestamp":1.732905316166979e+09,"_runtime":9872.915734755}