{"shape": 0.38608133669609074, "trend": 0.8990172805603571, "detection": 0.37463289284127155, "quality": 0.6425493086282239, "alpha": 0.6751118261802265, "beta": 0.0020008406893652353, "loss": 312.2756534152561, "_timestamp": 1737967947.2792072, "_runtime": 1343.6449301242828, "_step": 140, "r2": -4.474607906185774, "explained_variance": -0.6834897663434796, "MAE": 0.38522840452290186, "RMSE": 0.4255465887537298, "_wandb": {"runtime": 1356}}