{"shape": 0.5200267660835484, "trend": 0.8908962288738361, "detection": 0.006503199355153311, "quality": 0.7054614974786922, "alpha": 0.8517700665965651, "beta": 0.0036102348405187, "loss": 24.45920888115378, "_timestamp": 1737956915.944017, "_runtime": 86.54375100135803, "_step": 32, "_wandb": {"runtime": 92}}