{"shape": 0.5115189752413728, "trend": 0.8950994999364151, "detection": 0.009248110075066318, "quality": 0.703309237588894, "alpha": 0.7027895621064336, "beta": 0.0, "loss": 26.361517064711627, "_timestamp": 1737956919.1957958, "_runtime": 533.6490466594696, "_step": 188, "binary_f1": 0.0, "roc_auc": NaN, "accuracy": 0.0, "_wandb": {"runtime": 538}}