{"shape": 0.7224444444444446, "trend": 0.8635986212909262, "detection": 0.6094486666666667, "quality": 0.7930215328676854, "alpha": 0.6840758620689655, "beta": 0.07555555555555571, "loss": 81.13955089024135, "_timestamp": 1737956028.434897, "_runtime": 36.17028093338013, "_step": 4, "_wandb": {"runtime": 43}}