{"shape": 0.8096, "trend": 0.9727027442516937, "detection": 0.7410180495721126, "quality": 0.8911513721258468, "alpha": 0.9364, "beta": 0.5282666666666668, "f1": 0.6565008025682183, "roc_auc": 0.7047706666666667, "accuracy": 0.632, "loss": 28.45442771911621, "_timestamp": 1739936878.1580608, "_runtime": 1308.1939177513123, "_step": 1798, "_wandb": {"runtime": 1314}}