{"shape": 0.5010037281330657, "trend": 0.8939090523802277, "detection": 0.0035857987773123545, "quality": 0.6974563902566466, "alpha": 0.5432539250879292, "beta": 0.0012618296529967044, "loss": 27.312252044677734, "_timestamp": 1737956552.4088604, "_runtime": 83.9125463962555, "_step": 30, "_wandb": {"runtime": 87}}