{"shape": 0.7539430086149767, "trend": 0.9571673111568781, "detection": 0.3465412131080582, "quality": 0.8555551598859275, "alpha": 0.9578894449395581, "beta": 0.0763684559310801, "loss": 31.08407497406006, "_timestamp": 1737965328.4258125, "_runtime": 538.2249734401703, "_step": 71, "binary_f1": 0.0, "roc_auc": 0.593329785879891, "accuracy": 0.7543737574552684, "_wandb": {"runtime": 545}}