{"shape": 0.7571040424121934, "trend": 0.9568447772723933, "detection": 0.26908207706906373, "quality": 0.8569744098422933, "alpha": 0.9587459153127214, "beta": 0.07854870775347911, "loss": 32.256460189819336, "_timestamp": 1737966634.930243, "_runtime": 10971.867506027222, "_step": 1465, "binary_f1": 0.0, "roc_auc": 0.5594872320205729, "accuracy": 0.7543737574552684, "_wandb": {"runtime": 10977}}