{"shape": 0.4015973097940311, "trend": 0.9041459370147913, "detection": 0.6553540095813377, "quality": 0.6528716234044112, "alpha": 0.2680790248003365, "beta": 0.0026733921815890183, "loss": 299.7967020670573, "_timestamp": 1737966556.7941914, "_runtime": 7982.620013475418, "_step": 806, "r2": -6.255896835501419, "explained_variance": -0.8449440585412296, "MAE": 0.4524814214838613, "RMSE": 0.48990982930014354, "_wandb": {"runtime": 7993}}