{"shape": 0.7605500331345261, "trend": 0.956791262494378, "detection": 0.3679520341873527, "quality": 0.858670647814452, "alpha": 0.9562763647997075, "beta": 0.07909874088800528, "loss": 32.7376438776652, "_timestamp": 1737959155.9603102, "_runtime": 1374.4739081859589, "_step": 178, "binary_f1": 0.0, "roc_auc": 0.46581934309381634, "accuracy": 0.7543737574552684, "_wandb": {"runtime": 1378}}