{"loss":0.05804711952805519,"fid":221.46803667494896,"_timestamp":1.7333444635968955e+09,"_runtime":75.473909935,"_step":0,"_wandb":{"runtime":81}}