{"shape": 0.7611862160371107, "trend": 0.9560822630445251, "detection": 0.24446863742387726, "quality": 0.858634239540818, "alpha": 0.9569388268092593, "beta": 0.07603048376408217, "loss": 32.304003397623696, "_timestamp": 1737957869.9414604, "_runtime": 2311.9380254745483, "_step": 299, "binary_f1": 0.0, "roc_auc": 0.5388517342749222, "accuracy": 0.7543737574552684, "_wandb": {"runtime": 2319}}