{"shape": 0.7208852171136654, "trend": 0.9457024457693982, "detection": 0.6039674577222884, "quality": 0.8332938314415318, "alpha": 0.6486909323116221, "beta": 0.2702905491698595, "loss": 53.97434005737305, "_timestamp": 1737958178.738164, "_runtime": 1277.7958090305328, "_step": 323, "r2": -1.0722880582596295, "explained_variance": -0.28923476986180296, "MAE": 0.3335447392026746, "RMSE": 0.3717944657187849, "_wandb": {"runtime": 1285}}