{"shape": 0.7403216794380588, "trend": 0.9455361751629706, "detection": 0.9161223686528384, "quality": 0.8429289273005147, "alpha": 0.6529693486590038, "beta": 0.2829661558109835, "loss": 54.68782272338867, "_timestamp": 1737956390.6607256, "_runtime": 412.7255446910858, "_step": 103, "r2": -2.07002839340003, "explained_variance": -0.897834610818047, "MAE": 0.385990793456882, "RMSE": 0.4525317496671362, "_wandb": {"runtime": 418}}