{"shape": 0.7246527777777779, "trend": 0.8602592870272507, "detection": 0.6340239999999999, "quality": 0.7924560324025143, "alpha": 0.68532030651341, "beta": 0.07780000000000009, "loss": 83.40274374825614, "_timestamp": 1737957319.0721605, "_runtime": 605.1628184318542, "_step": 117, "binary_f1": 0.0, "roc_auc": 0.49763898590781763, "accuracy": 0.7776666666666666, "_wandb": {"runtime": 612}}