{"shape": 0.7607687210072898, "trend": 0.9581431576571915, "detection": 0.3790837761081286, "quality": 0.8594559393322406, "alpha": 0.9569616782066224, "beta": 0.07789927104042416, "loss": 31.087818781534832, "_timestamp": 1737956535.2026162, "_runtime": 977.7184982299805, "_step": 126, "binary_f1": 0.0, "roc_auc": 0.3785153264760136, "accuracy": 0.7543737574552684, "_wandb": {"runtime": 984}}