{"shape": 0.7284881864623244, "trend": 0.942475321743485, "detection": 0.6111424202888978, "quality": 0.8354817541029047, "alpha": 0.6685823754789272, "beta": 0.27043422733077904, "loss": 53.75043830871582, "_timestamp": 1737958884.3812435, "_runtime": 138.14506149291992, "_step": 30, "_wandb": {"runtime": 145}}