{"shape": 0.6184305555555556, "trend": 0.8911854666775848, "detection": 0.5089553333333332, "quality": 0.7548080111165703, "alpha": 0.6606904214559388, "beta": 0.1058, "loss": 68.43500164576939, "_timestamp": 1737956687.3711102, "_runtime": 577.7196962833405, "_step": 114, "binary_f1": 0.0, "roc_auc": 0.5396485212173168, "accuracy": 0.7776666666666666, "_wandb": {"runtime": 581}}