{"shape": 0.7542412193505632, "trend": 0.9577907077336152, "detection": 0.2728757923006935, "quality": 0.8560159635420892, "alpha": 0.9535613902790155, "beta": 0.07546056991385042, "loss": 31.28728993733724, "_timestamp": 1737967502.3417938, "_runtime": 2128.6533048152924, "_step": 278, "binary_f1": 0.0, "roc_auc": 0.490011342003397, "accuracy": 0.7543737574552684, "_wandb": {"runtime": 2135}}