{"shape": 0.6347661530143281, "trend": 0.9327099952402409, "detection": 0.3980440560972288, "quality": 0.7837380741272846, "alpha": 0.5342525006758583, "beta": 0.36193565828602325, "loss": 132.9665624445135, "_timestamp": 1737958941.546932, "_runtime": 1353.6248190402985, "_step": 380, "binary_f1": 0.0, "roc_auc": 0.8129101162901635, "accuracy": 0.8548256285482563, "_wandb": {"runtime": 1361}}