{"shape": 0.6235018473461297, "trend": 0.9242740408494594, "detection": 0.32581305264985794, "quality": 0.7738879440977946, "alpha": 0.5710191943768586, "beta": 0.3445796161124627, "loss": 134.8116420399059, "_timestamp": 1737957677.033904, "_runtime": 126.05526900291443, "_step": 33, "_wandb": {"runtime": 130}}