{"shape": 0.6289087140668648, "trend": 0.9206041020882967, "detection": 0.4366301407166665, "quality": 0.7747564080775807, "alpha": 0.5876723438767235, "beta": 0.33192754798594204, "loss": 136.85344279896128, "_timestamp": 1737957561.9208457, "_runtime": 1009.9354276657104, "_step": 276, "binary_f1": 0.0, "roc_auc": 0.5259718232219901, "accuracy": 0.8548256285482563, "_wandb": {"runtime": 1015}}