{"alpha":0,"shape":0.29613333333333336,"beta":0,"_wandb":{"runtime":11},"_runtime":11.227079,"_step":0,"_timestamp":1.742924909376275e+09,"quality":0.6229498305621589,"loss":84.44692993164062,"detection":0,"trend":0.9497663277909845}