{"shape": 0.7217777777777777, "trend": 0.8606400348725256, "detection": 0.6138840000000001, "quality": 0.7912089063251517, "alpha": 0.6848536398467433, "beta": 0.07051111111111108, "loss": 82.38597924368722, "_timestamp": 1737957960.5837448, "_runtime": 1988.0779428482056, "_step": 399, "binary_f1": 0.0, "roc_auc": 0.47272222225792376, "accuracy": 0.7776666666666666, "_wandb": {"runtime": 1996}}