{"shape": 0.7251955619412516, "trend": 0.9420607458591292, "detection": 0.5005666617122475, "quality": 0.8336281539001904, "alpha": 0.6929118773946359, "beta": 0.2666507024265645, "loss": 56.0588493347168, "_timestamp": 1737959489.3855538, "_runtime": 486.19422483444214, "_step": 115, "r2": -3.544978094399567, "explained_variance": -1.486854650626181, "MAE": 0.4639610597984159, "RMSE": 0.5506095705142205, "_wandb": {"runtime": 491}}