{"shape": 0.7230416666666667, "trend": 0.8602785432206778, "detection": 0.6348413333333334, "quality": 0.7916601049436722, "alpha": 0.6799425287356322, "beta": 0.07628888888888896, "loss": 83.21272495814732, "_timestamp": 1737960019.2997425, "_runtime": 2611.5135893821716, "_step": 499, "binary_f1": 0.0, "roc_auc": 0.5592727639609256, "accuracy": 0.7776666666666666, "_wandb": {"runtime": 2619}}