{"shape": 0.7585950960901259, "trend": 0.9564221538403737, "detection": 0.25038056598885616, "quality": 0.8575086249652497, "alpha": 0.9574719499097369, "beta": 0.08019218025182251, "loss": 32.85576375325521, "_timestamp": 1737969720.5961988, "_runtime": 2614.431583881378, "_step": 351, "binary_f1": 0.0, "roc_auc": 0.345787242168597, "accuracy": 0.7543737574552684, "_wandb": {"runtime": 2621}}