{"_timestamp":1.7329036518494873e+09,"_runtime":9056.705347829,"_step":999,"_wandb":{"runtime":9057},"loss":0.2559903860092163}