{"shape": 0.6324231774353428, "trend": 0.9374721369468698, "detection": 0.3729396187172308, "quality": 0.7849476571911063, "alpha": 0.5641524736415248, "beta": 0.32803460394701267, "loss": 132.9655095880682, "_timestamp": 1737957526.5286098, "_runtime": 891.6917526721954, "_step": 251, "binary_f1": 0.0, "roc_auc": 0.5475416874264574, "accuracy": 0.8548256285482563, "_wandb": {"runtime": 896}}