{"shape": 0.7573823724320743, "trend": 0.9580237371359198, "detection": 0.24787141892415854, "quality": 0.857703054783997, "alpha": 0.9616601540184182, "beta": 0.07487077534791264, "loss": 31.319111188252766, "_timestamp": 1737957751.8319874, "_runtime": 2106.164180278778, "_step": 274, "binary_f1": 0.0, "roc_auc": 0.5378543429517013, "accuracy": 0.7543737574552684, "_wandb": {"runtime": 2114}}