{"shape": 0.7212638888888888, "trend": 0.8599895527248905, "detection": 0.6241433333333333, "quality": 0.7906267208068897, "alpha": 0.68672030651341, "beta": 0.0809777777777777, "loss": 83.18372344970703, "_timestamp": 1737960061.8334234, "_runtime": 3049.3446893692017, "_step": 599, "binary_f1": 0.0, "roc_auc": 0.5118320608234246, "accuracy": 0.7776666666666666, "_wandb": {"runtime": 3055}}