{"shape": 0.7180116538952745, "trend": 0.9439749067117981, "detection": 0.4832633521601267, "quality": 0.8309932803035363, "alpha": 0.6584291187739464, "beta": 0.27060983397190297, "loss": 54.031385803222655, "_timestamp": 1737960175.1112456, "_runtime": 590.3649325370789, "_step": 148, "r2": -1.5834113425020404, "explained_variance": -0.7480874393637418, "MAE": 0.34016300830081025, "RMSE": 0.415120938665534, "_wandb": {"runtime": 597}}