{"shape": 0.7244861111111112, "trend": 0.8634175372502321, "detection": 0.6308300000000002, "quality": 0.7939518241806716, "alpha": 0.6883647509578543, "beta": 0.0779333333333333, "loss": 85.23842511858258, "_timestamp": 1737956940.028594, "_runtime": 352.1321671009064, "_step": 64, "binary_f1": 0.0, "roc_auc": 0.48745767493450015, "accuracy": 0.7776666666666666, "_wandb": {"runtime": 360}}