{"shape": 0.3634037410676754, "trend": 0.861408118105215, "detection": 0.18874600265977148, "quality": 0.6124059295864452, "alpha": 0.5182919511240596, "beta": 0.0049096258932324055, "loss": 379.89520772298175, "_timestamp": 1737957583.0840392, "_runtime": 1291.971880197525, "_step": 133, "r2": -7.228153334546304, "explained_variance": -1.9957421663610333, "MAE": 0.44926406959141113, "RMSE": 0.5217011469684241, "_wandb": {"runtime": 1302}}