{"shape": 0.7248749999999999, "trend": 0.8614741855054635, "detection": 0.6550626666666668, "quality": 0.7931745927527317, "alpha": 0.6800758620689655, "beta": 0.07413333333333327, "loss": 82.0408706665039, "_timestamp": 1737956984.013183, "_runtime": 480.28563714027405, "_step": 92, "binary_f1": 0.0, "roc_auc": 0.48201670703439536, "accuracy": 0.7776666666666666, "_wandb": {"runtime": 487}}