{"shape": 0.41799600672551485, "trend": 0.9037627746492706, "detection": 0.8296499957742569, "quality": 0.6608793906873927, "alpha": 0.2398654897015553, "beta": 0.0027910886927280387, "loss": 310.00939602322046, "_timestamp": 1737959638.9904635, "_runtime": 3347.8786385059357, "_step": 343, "r2": -4.144565730709155, "explained_variance": -0.805688825953391, "MAE": 0.3602497183326942, "RMSE": 0.41251995679309755, "_wandb": {"runtime": 3356}}