{"shape": 0.4349488576617915, "trend": 0.8935032218827733, "detection": 0.0009984509083912352, "quality": 0.6642260397722823, "alpha": 0.0, "beta": 0.0, "loss": 104.15259148092831, "_timestamp": 1737956402.1950915, "_runtime": 11.690992593765259, "_step": 1, "_wandb": {"runtime": 16}}