{"shape": 0.6326034063260342, "trend": 0.924713586560554, "detection": 0.39860842247756845, "quality": 0.7786584964432941, "alpha": 0.5724249797242499, "beta": 0.3472830494728304, "loss": 143.1820692582564, "_timestamp": 1737956524.08759, "_runtime": 87.36470603942871, "_step": 22, "_wandb": {"runtime": 92}}