{"shape": 0.6252590790303684, "trend": 0.9344785904368763, "detection": 0.3180382151025233, "quality": 0.7798688347336223, "alpha": 0.5362530413625304, "beta": 0.3644228169775615, "loss": 128.99847689541903, "_timestamp": 1737957682.2116292, "_runtime": 1131.9499680995941, "_step": 318, "binary_f1": 0.0, "roc_auc": 0.723243721709264, "accuracy": 0.8548256285482563, "_wandb": {"runtime": 1137}}