{"shape": 0.7127035440613027, "trend": 0.942233546073757, "detection": 0.49731291562073376, "quality": 0.8274685450675299, "alpha": 0.6886494252873564, "beta": 0.2655651340996169, "loss": 54.22467575073242, "_timestamp": 1737956642.9186754, "_runtime": 224.5187385082245, "_step": 53, "r2": -1.262230718532178, "explained_variance": -0.31841837125102224, "MAE": 0.34991883137882834, "RMSE": 0.3884600004708168, "_wandb": {"runtime": 229}}