{"_wandb":{"runtime":10961},"_runtime":10959.670451432,"_step":999,"loss":2.206554889678955,"_timestamp":1.7329053396576595e+09}