{"shape": 0.6311165179778319, "trend": 0.9356465148222115, "detection": 0.393414673131227, "quality": 0.7833815164000217, "alpha": 0.5656663963233306, "beta": 0.3435523114355231, "loss": 137.65156000310725, "_timestamp": 1737960918.7137768, "_runtime": 3215.022985935211, "_step": 885, "binary_f1": 0.0, "roc_auc": 0.36985466379739856, "accuracy": 0.8548256285482563, "_wandb": {"runtime": 3220}}