{"shape": 0.7193486590038315, "trend": 0.944619877353652, "detection": 0.5275520764521955, "quality": 0.8319842681787417, "alpha": 0.6707535121328225, "beta": 0.2702426564495529, "loss": 54.76529884338379, "_timestamp": 1737959558.5822077, "_runtime": 1235.0018405914307, "_step": 310, "r2": -0.7018704043659731, "explained_variance": -0.5757458677607437, "MAE": 0.24709510779210211, "RMSE": 0.3369311014220995, "_wandb": {"runtime": 1240}}