{"shape": 0.5095593155530064, "trend": 0.8965610248435821, "detection": 0.008443710256843873, "quality": 0.7030601701982943, "alpha": 0.6167796753568536, "beta": 0.0009814230634418442, "loss": 26.7990343430463, "_timestamp": 1737956936.3551996, "_runtime": 98.1522204875946, "_step": 38, "_wandb": {"runtime": 102}}