{"shape": 0.6292241146255745, "trend": 0.9341549596633592, "detection": 0.41612351335831554, "quality": 0.7816895371444668, "alpha": 0.5532846715328467, "beta": 0.3484184914841849, "loss": 134.88116663152522, "_timestamp": 1737959361.4638362, "_runtime": 1653.4083070755005, "_step": 457, "binary_f1": 0.0, "roc_auc": 0.6154076516171436, "accuracy": 0.8548256285482563, "_wandb": {"runtime": 1656}}