{"shape": 0.40016288356452295, "trend": 0.9031155012164797, "detection": 0.6464752533780154, "quality": 0.6516391923905013, "alpha": 0.2549978982765868, "beta": 0.0026565783942832377, "loss": 305.4320763481988, "_timestamp": 1737967777.3497708, "_runtime": 3946.968748807907, "_step": 396, "r2": -9.705194020966834, "explained_variance": -1.8699268029867477, "MAE": 0.5350005145968548, "RMSE": 0.5950697514439586, "_wandb": {"runtime": 3958}}