{"shape": 0.5033935570213174, "trend": 0.894551535145313, "detection": 0.007821751634507268, "quality": 0.6989725460833152, "alpha": 0.560919540229885, "beta": 0.002733964248159859, "loss": 27.400985044591568, "_timestamp": 1737956751.7114823, "_runtime": 321.54280829429626, "_step": 122, "binary_f1": 0.0, "roc_auc": NaN, "accuracy": 0.0, "_wandb": {"runtime": 325}}