{"detection":0,"loss":14.412010192871094,"shape":0.29613333333333336,"_step":77,"_wandb":{"runtime":98},"_timestamp":1.742925104947838e+09,"quality":0.6229498305621589,"beta":0,"trend":0.9497663277909845,"alpha":0,"_runtime":97.867929}