{"shape": 0.5156772775069306, "trend": 0.8902608615379515, "detection": 0.014605247008793731, "quality": 0.7029690695224411, "alpha": 0.7616834064566035, "beta": 0.0025937609533823736, "loss": 25.948454912971048, "_timestamp": 1737959693.577773, "_runtime": 3578.860710144043, "_step": 1091, "binary_f1": 0.0, "roc_auc": NaN, "accuracy": 0.0}