{"_wandb":{"runtime":9900},"loss":1.504263162612915,"_timestamp":1.7329046490213892e+09,"_runtime":9898.456153391,"_step":999}