{"shape": 0.389281210592686, "trend": 0.8952110052804989, "detection": 0.5611999685896407, "quality": 0.6422461079365924, "alpha": 0.5357782899218739, "beta": 0.005767129045817665, "loss": 321.79827372233075, "_timestamp": 1737969132.3290877, "_runtime": 9463.265535831451, "_step": 982, "r2": -4.6835475897730445, "explained_variance": -0.7354639457846417, "MAE": 0.38943434930281295, "RMSE": 0.43359109458837813, "_wandb": {"runtime": 9473}}