{"shape": 0.37096469104665825, "trend": 0.8796274748489852, "detection": 0.2532193731153196, "quality": 0.6252960829478217, "alpha": 0.6250281920830253, "beta": 0.003413198823034924, "loss": 343.92252434624567, "_timestamp": 1737958538.1222618, "_runtime": 168.82277369499207, "_step": 18, "_wandb": {"runtime": 177}}