{"shape": 0.7150383141762452, "trend": 0.9423663682446525, "detection": 0.42873859107323753, "quality": 0.8287023412104488, "alpha": 0.6854725415070242, "beta": 0.25459770114942537, "loss": 57.32499122619629, "_timestamp": 1737956077.0619993, "_runtime": 185.2720263004303, "_step": 48, "_wandb": {"runtime": 192}}