{"shape": 0.7199166666666666, "trend": 0.8598206299019681, "detection": 0.6277953333333335, "quality": 0.7898686482843174, "alpha": 0.6878091954022989, "beta": 0.07966666666666666, "loss": 81.49633898053851, "_timestamp": 1737956555.658997, "_runtime": 474.1954140663147, "_step": 91, "binary_f1": 0.0, "roc_auc": 0.5061076941169365, "accuracy": 0.7776666666666666, "_wandb": {"runtime": 483}}