{"shape": 0.7215836526181354, "trend": 0.9425447072681524, "detection": 0.5013624653190645, "quality": 0.8320641799431439, "alpha": 0.6726372924648788, "beta": 0.258301404853129, "loss": 53.915412521362306, "_timestamp": 1737958282.4586933, "_runtime": 2175.1571633815765, "_step": 509, "r2": -3.3446314079408372, "explained_variance": -1.175787296290952, "MAE": 0.46434865533376735, "RMSE": 0.5383371207866331, "_wandb": {"runtime": 2183}}