{"shape": 0.6079120483013427, "trend": 0.9241525049099175, "detection": 0.4358842299062876, "quality": 0.7660322766056301, "alpha": 0.916463909164639, "beta": 0.29678291430116255, "loss": 124.02402565696023, "_timestamp": 1737966163.1552892, "_runtime": 7192.627635240555, "_step": 1948, "binary_f1": 0.0, "roc_auc": 0.6365137332640751, "accuracy": 0.8548256285482563}