{"_timestamp":1.742924891846744e+09,"_step":111,"shape":0.6549999999999999,"_runtime":176.138818,"loss":13.49212646484375,"detection":0.03864121984637714,"quality":0.8015201360027149,"alpha":0.7145333333333335,"beta":0.11073333333333335,"_wandb":{"runtime":176},"trend":0.9480402720054298}