{"shape": 0.7228194444444446, "trend": 0.8611660656431501, "detection": 0.6318059999999999, "quality": 0.7919927550437973, "alpha": 0.6789425287356321, "beta": 0.07557777777777774, "loss": 83.56612723214286, "_timestamp": 1737957482.3872037, "_runtime": 135.2909026145935, "_step": 25, "_wandb": {"runtime": 143}}