{"shape": 0.6291340001802288, "trend": 0.9360435763373971, "detection": 0.37536678881449503, "quality": 0.782588788258813, "alpha": 0.5376588267099216, "beta": 0.34522844011895115, "loss": 133.09786917946556, "_timestamp": 1737959028.7778876, "_runtime": 2580.4168524742126, "_step": 711, "binary_f1": 0.0, "roc_auc": 0.596593980897459, "accuracy": 0.8548256285482563, "_wandb": {"runtime": 2588}}