{"shape": 0.7165748722860793, "trend": 0.9453070591092355, "detection": 0.5402233479763952, "quality": 0.8309409656976574, "alpha": 0.656066411238825, "beta": 0.28350893997445714, "loss": 52.189562225341795, "_timestamp": 1737956872.2729347, "_runtime": 1019.3043766021729, "_step": 273, "r2": -0.4027635512411769, "explained_variance": -0.08693814010521805, "MAE": 0.24863928597474122, "RMSE": 0.30589339185550957, "_wandb": {"runtime": 1026}}