{"shape": 0.8505333333333333, "trend": 0.9745017312999282, "detection": 0.6082802336241404, "quality": 0.9125175323166308, "alpha": 0.9675425287356322, "beta": 0.43746666666666667, "f1": 0.6790352628157718, "roc_auc": 0.7067253333333334, "accuracy": 0.665, "loss": 11.689547538757324, "_timestamp": 1741319729.910452, "_runtime": 3642.3876008987427, "_step": 897, "_wandb": {"runtime": 3656}}