{"shape": 0.7213441890166029, "trend": 0.9441720952343166, "detection": 0.5186513244814372, "quality": 0.8327581421254597, "alpha": 0.6623563218390804, "beta": 0.26182950191570875, "loss": 52.59301872253418, "_timestamp": 1737958710.0266957, "_runtime": 2765.4003896713257, "_step": 650, "r2": -0.958180956574654, "explained_variance": -0.25541900004647555, "MAE": 0.3174085121161255, "RMSE": 0.3614134160976336, "_wandb": {"runtime": 2771}}